sid,pre accu,post accu
S100,,[0.94375]
S91,,[0.80625]
S92,,[0.75]
S93,,[0.79375]
S94,,[0.325]
S95,,[0.80625]
S96,,[0.325]
S97,,[0.34375]
S98,,[0.6375]
S99,,[0.80625]
