sid,pre accu,post accu
S100,,[0.68125]
S91,,[0.65625]
S92,,[0.6]
S93,,[0.65]
S94,,[0.71875]
S95,,[0.6375]
S96,,[0.68125]
S97,,[0.6125]
S98,,[0.6875]
S99,,[0.55]
