sid,pre accu,post accu,,
,,,,
S100,,[0.7375],,0.7375
,,,,
S91,,[0.69375],,0.69375
,,,,
S92,,[0.6625],,0.6625
,,,,
S93,,[0.70625],,0.70625
,,,,
S94,,[0.7125],,0.7125
,,,,
S95,,[0.675],,0.675
,,,,
S96,,[0.7125],,0.7125
,,,,
S97,,[0.6625],,0.6625
,,,,
S98,,[0.68125],,0.68125
,,,,
S99,,[0.59375],,0.59375
,,,,
,,,,0.68375
