sid,pre accu,post accu
S100,,[0.73125]
S91,,[0.7]
S92,,[0.69375]
S93,,[0.71875]
S94,,[0.71875]
S95,,[0.68125]
S96,,[0.7125]
S97,,[0.66875]
S98,,[0.69375]
S99,,[0.61875]
