sid,pre accu,post accu
S100,,[0.4875]
S91,,[0.5]
S92,,[0.475]
S93,,[0.4875]
S94,,[0.475]
S95,,[0.4375]
S96,,[0.45625]
S97,,[0.51875]
S98,,[0.51875]
S99,,[0.475]
