sid,pre accu,post accu
S100,,[0.725]
S91,,[0.7]
S92,,[0.675]
S93,,[0.70625]
S94,,[0.7125]
S95,,[0.6875]
S96,,[0.725]
S97,,[0.65625]
S98,,[0.68125]
S99,,[0.5875]
