sid,pre accu,post accu
S100,,[0.71875]
S91,,[0.66875]
S92,,[0.6625]
S93,,[0.71875]
S94,,[0.71875]
S95,,[0.65]
S96,,[0.69375]
S97,,[0.6625]
S98,,[0.675]
S99,,[0.5875]
