sid,pre accu,post accu
S100,,[0.425]
S91,,[0.59375]
S92,,[0.50625]
S93,,[0.54375]
S94,,[0.6625]
S95,,[0.5625]
S96,,[0.4875]
S97,,[0.475]
S98,,[0.51875]
S99,,[0.38125]
