sid,pre accu,post accu
S100,,[0.825]
S91,,[0.86875]
S92,,[0.8125]
S93,,[0.825]
S94,,[0.90625]
S95,,[0.81875]
S96,,[0.8375]
S97,,[0.74375]
S98,,[0.8375]
S99,,[0.7]
