sid,pre accu,post accu
S100,,[0.79375]
S91,,[0.88125]
S92,,[0.8]
S93,,[0.8625]
S94,,[0.86875]
S95,,[0.8125]
S96,,[0.80625]
S97,,[0.79375]
S98,,[0.85625]
S99,,[0.69375]
