sid,pre accu,post accu,,
,,,,
S100,,[0.80625],,0.80625
,,,,
S91,,[0.83125],,0.83125
,,,,
S92,,[0.79375],,0.79375
,,,,
S93,,[0.85],,0.85
,,,,
S94,,[0.88125],,0.88125
,,,,
S95,,[0.8125],,0.8125
,,,,
S96,,[0.825],,0.825
,,,,
S97,,[0.7625],,0.7625
,,,,
S98,,[0.88125],,0.88125
,,,,
S99,,[0.7125],,0.7125
,,,,
,,,,0.815625
