sid,pre accu,post accu
S100,,[0.79375]
S91,,[0.89375]
S92,,[0.85]
S93,,[0.84375]
S94,,[0.88125]
S95,,[0.8125]
S96,,[0.81875]
S97,,[0.78125]
S98,,[0.85625]
S99,,[0.68125]
