sid,pre accu,post accu
S100,,[0.8125]
S91,,[0.8375]
S92,,[0.80625]
S93,,[0.85625]
S94,,[0.86875]
S95,,[0.81875]
S96,,[0.825]
S97,,[0.7875]
S98,,[0.88125]
S99,,[0.69375]
