sid,pre accu,post accu
S100,,[0.925]
S91,,[0.89375]
S92,,[0.76875]
S93,,[0.88125]
S94,,[0.85625]
S95,,[0.79375]
S96,,[0.90625]
S97,,[0.90625]
S98,,[0.95625]
S99,,[0.93125]
