sid,pre accu,post accu
S100,,[0.5125]
S91,,[0.55]
S92,,[0.475]
S93,,[0.525]
S94,,[0.45625]
S95,,[0.4375]
S96,,[0.50625]
S97,,[0.5]
S98,,[0.51875]
S99,,[0.51875]
