sid,pre accu,post accu
S100,,[0.90625]
S91,,[0.88125]
S92,,[0.775]
S93,,[0.85]
S94,,[0.8375]
S95,,[0.8375]
S96,,[0.88125]
S97,,[0.88125]
S98,,[0.91875]
S99,,[0.9125]
