sid,pre accu,post accu
S100,,[0.93125]
S91,,[0.91875]
S92,,[0.75]
S93,,[0.89375]
S94,,[0.85625]
S95,,[0.85]
S96,,[0.9125]
S97,,[0.8875]
S98,,[0.94375]
S99,,[0.95]
