sid,pre accu,post accu,,
,,,,
S100,,[0.9375],,0.9375
,,,,
S91,,[0.925],,0.925
,,,,
S92,,[0.775],,0.775
,,,,
S93,,[0.88125],,0.88125
,,,,
S94,,[0.84375],,0.84375
,,,,
S95,,[0.81875],,0.81875
,,,,
S96,,[0.9],,0.9
,,,,
S97,,[0.9125],,0.9125
,,,,
S98,,[0.93125],,0.93125
,,,,
S99,,[0.9375],,0.9375
,,,,
,,,,0.88625
