sid,pre accu,post accu
S100,,[0.9125]
S91,,[0.89375]
S92,,[0.7875]
S93,,[0.8875]
S94,,[0.86875]
S95,,[0.825]
S96,,[0.9]
S97,,[0.93125]
S98,,[0.94375]
S99,,[0.95]
