sid,pre accu,post accu
S100,,"[0.25       0.07142857 0.15384615 0.15384615 0.3125     0.07142857
 0.         0.         0.         0.         0.        ]"
S91,,"[0.         0.         0.         0.61538462 0.         0.
 0.         0.33333333 0.06666667 0.46666667 0.        ]"
S92,,"[0.         0.         0.         0.         0.         0.
 0.         0.         0.13333333 0.         0.06666667]"
S93,,"[0.         0.         0.         0.46153846 0.         0.
 0.         0.53333333 0.06666667 0.73333333 0.        ]"
S94,,"[0.13333333 0.28571429 0.125      0.         0.         0.
 0.         0.         0.         0.         0.07692308]"
S95,,"[0.         0.         0.         0.53846154 0.         0.
 0.         0.26666667 0.         0.46666667 0.        ]"
S96,,"[0.0625     0.07142857 0.         0.         0.         0.
 0.         0.         0.         0.26666667 0.        ]"
S97,,"[0.         0.         0.         0.15384615 0.         0.28571429
 0.         0.66666667 0.06666667 0.46666667 0.        ]"
S98,,"[0.         0.         0.         0.         0.         0.14285714
 0.         0.         0.         0.46666667 0.        ]"
S99,,"[0.         0.         0.07692308 0.         0.         0.
 0.         0.         0.         0.         0.13333333]"
