sid,pre accu,post accu
S100,,"[0.375      0.28571429 0.76923077 0.53846154 0.5625     0.64285714
 0.57142857 0.6        0.73333333 0.33333333 0.66666667]"
S91,,"[0.4375     0.42857143 0.69230769 0.46153846 0.4375     0.5
 0.5        0.46666667 0.46666667 0.4        0.4       ]"
S92,,"[0.4375     0.78571429 0.46153846 0.76923077 0.625      0.71428571
 0.42857143 0.33333333 0.73333333 0.66666667 0.4       ]"
S93,,"[0.5625     0.71428571 0.69230769 0.69230769 0.875      0.71428571
 0.64285714 0.8        0.8        0.4        0.66666667]"
S94,,"[0.46666667 0.35714286 0.625      0.33333333 0.46666667 0.53846154
 0.5625     0.57142857 0.53333333 0.57142857 0.46153846]"
S95,,"[0.5625     0.42857143 0.61538462 0.69230769 0.875      0.35714286
 0.71428571 0.46666667 0.73333333 0.4        0.4       ]"
S96,,"[0.625      0.57142857 0.61538462 0.69230769 0.75       0.5
 0.71428571 0.66666667 0.46666667 0.46666667 0.4       ]"
S97,,"[0.625      0.5        0.69230769 0.84615385 0.6875     0.71428571
 0.5        0.73333333 0.6        0.6        0.53333333]"
S98,,"[0.5        0.57142857 0.61538462 0.92307692 0.4375     0.5
 0.64285714 0.53333333 0.53333333 0.53333333 0.66666667]"
S99,,"[0.375      0.42857143 0.53846154 0.46153846 0.5625     0.57142857
 0.71428571 0.53333333 0.66666667 0.6        0.46666667]"
