sid,pre accu,post accu
S100,,"[0.5625     0.21428571 0.69230769 0.46153846 0.5        0.64285714
 0.35714286 0.53333333 0.46666667 0.46666667 0.73333333]"
S91,,"[0.25       0.5        0.76923077 0.38461538 0.375      0.5
 0.35714286 0.4        0.6        0.4        0.46666667]"
S92,,"[0.5        0.71428571 0.46153846 0.61538462 0.375      0.71428571
 0.28571429 0.46666667 0.66666667 0.73333333 0.4       ]"
S93,,"[0.625      0.64285714 0.53846154 0.76923077 0.875      0.64285714
 0.78571429 0.86666667 0.8        0.33333333 0.53333333]"
S94,,"[0.33333333 0.21428571 0.625      0.6        0.53333333 0.53846154
 0.5625     0.64285714 0.6        0.57142857 0.38461538]"
S95,,"[0.6875     0.57142857 0.61538462 0.69230769 0.625      0.35714286
 0.71428571 0.6        0.66666667 0.4        0.4       ]"
S96,,"[0.625      0.5        0.69230769 0.76923077 0.6875     0.57142857
 0.57142857 0.73333333 0.66666667 0.66666667 0.4       ]"
S97,,"[0.625      0.57142857 0.53846154 0.92307692 0.875      0.5
 0.71428571 0.73333333 0.66666667 0.46666667 0.46666667]"
S98,,"[0.5625     0.35714286 0.61538462 0.84615385 0.5        0.5
 0.57142857 0.46666667 0.4        0.73333333 0.73333333]"
S99,,"[0.375      0.57142857 0.61538462 0.46153846 0.625      0.57142857
 0.71428571 0.6        0.8        0.6        0.6       ]"
