sid,pre accu,post accu
S100,,"[0.5        0.28571429 0.61538462 0.46153846 0.5625     0.57142857
 0.5        0.73333333 0.73333333 0.4        0.53333333]"
S91,,"[0.5        0.35714286 0.76923077 0.53846154 0.25       0.35714286
 0.42857143 0.4        0.6        0.46666667 0.4       ]"
S92,,"[0.5625     0.78571429 0.38461538 0.69230769 0.5625     0.64285714
 0.28571429 0.26666667 0.6        0.66666667 0.4       ]"
S93,,"[0.5625     0.64285714 0.53846154 0.69230769 0.9375     0.5
 0.78571429 0.73333333 0.73333333 0.46666667 0.53333333]"
S94,,"[0.73333333 0.28571429 0.8125     0.73333333 0.53333333 0.61538462
 0.5        0.64285714 0.46666667 0.35714286 0.30769231]"
S95,,"[0.625      0.5        0.61538462 0.76923077 0.8125     0.5
 0.71428571 0.53333333 0.73333333 0.46666667 0.53333333]"
S96,,"[0.5625     0.71428571 0.61538462 0.69230769 0.625      0.64285714
 0.71428571 0.53333333 0.6        0.53333333 0.33333333]"
S97,,"[0.625      0.57142857 0.76923077 0.84615385 0.625      0.78571429
 0.57142857 0.8        0.53333333 0.6        0.46666667]"
S98,,"[0.4375     0.42857143 0.46153846 0.84615385 0.5625     0.64285714
 0.64285714 0.73333333 0.46666667 0.6        0.6       ]"
S99,,"[0.375      0.5        0.53846154 0.30769231 0.5625     0.64285714
 0.5        0.6        0.53333333 0.46666667 0.66666667]"
