sid,pre accu,post accu
S100,,[0.45]
S91,,[0.55625]
S92,,[0.51875]
S93,,[0.525]
S94,,[0.5875]
S95,,[0.475]
S96,,[0.44375]
S97,,[0.53125]
S98,,[0.525]
S99,,[0.55]
