sid,pre accu,post accu
S100,,[0.68125]
S91,,[0.725]
S92,,[0.6625]
S93,,[0.6375]
S94,,[0.63125]
S95,,[0.6625]
S96,,[0.7]
S97,,[0.66875]
S98,,[0.7]
S99,,[0.675]
