sid,pre accu,post accu
S100,,[0.70625]
S91,,[0.69375]
S92,,[0.68125]
S93,,[0.6375]
S94,,[0.61875]
S95,,[0.68125]
S96,,[0.725]
S97,,[0.66875]
S98,,[0.6875]
S99,,[0.6625]
