sid,pre accu,post accu,,
,,,,
S100,,[0.7125],,0.7125
,,,,
S91,,[0.7375],,0.7375
,,,,
S92,,[0.69375],,0.69375
,,,,
S93,,[0.65],,0.65
,,,,
S94,,[0.65],,0.65
,,,,
S95,,[0.66875],,0.66875
,,,,
S96,,[0.6875],,0.6875
,,,,
S97,,[0.64375],,0.64375
,,,,
S98,,[0.69375],,0.69375
,,,,
S99,,[0.66875],,0.66875
,,,,
,,,,0.680625
