sid,pre accu,post accu
S100,,[0.6375]
S91,,[0.63125]
S92,,[0.65]
S93,,[0.60625]
S94,,[0.6]
S95,,[0.6625]
S96,,[0.65625]
S97,,[0.65]
S98,,[0.6625]
S99,,[0.66875]
