sid,pre accu,post accu
S100,,[0.59375]
S91,,[0.4875]
S92,,[0.5625]
S93,,[0.5375]
S94,,[0.6]
S95,,[0.54375]
S96,,[0.4875]
S97,,[0.525]
S98,,[0.53125]
S99,,[0.58125]
