sid,pre accu,post accu
S100,,[0.43125]
S91,,[0.64375]
S92,,[0.65625]
S93,,[0.53125]
S94,,[0.44375]
S95,,[0.625]
S96,,[0.5875]
S97,,[0.56875]
S98,,[0.55625]
S99,,[0.69375]
