sid,pre accu,post accu,,
,,,,
S100,,[0.475],,0.475
,,,,
S91,,[0.65],,0.65
,,,,
S92,,[0.69375],,0.69375
,,,,
S93,,[0.44375],,0.44375
,,,,
S94,,[0.44375],,0.44375
,,,,
S95,,[0.63125],,0.63125
,,,,
S96,,[0.64375],,0.64375
,,,,
S97,,[0.6375],,0.6375
,,,,
S98,,[0.51875],,0.51875
,,,,
S99,,[0.7],,0.7
,,,,
,,,,0.58375
