sid,pre accu,post accu
S100,,[0.49375]
S91,,[0.65]
S92,,[0.675]
S93,,[0.53125]
S94,,[0.4625]
S95,,[0.59375]
S96,,[0.63125]
S97,,[0.60625]
S98,,[0.5375]
S99,,[0.7]
