sid,pre accu,post accu
S100,,[0.075]
S91,,[0.11875]
S92,,[0.05]
S93,,[0.03125]
S94,,[0.03125]
S95,,[0.075]
S96,,[0.0875]
S97,,[0.06875]
S98,,[0.0375]
S99,,[0.09375]
