sid,pre accu,post accu
S100,,[0.4625]
S91,,[0.65]
S92,,[0.58125]
S93,,[0.5]
S94,,[0.3875]
S95,,[0.5375]
S96,,[0.55625]
S97,,[0.56875]
S98,,[0.5]
S99,,[0.66875]
