sid,pre accu,post accu
S100,,[0.49375]
S91,,[0.6375]
S92,,[0.7]
S93,,[0.51875]
S94,,[0.45625]
S95,,[0.5875]
S96,,[0.61875]
S97,,[0.6375]
S98,,[0.525]
S99,,[0.675]
