sid,pre accu,post accu
S100,,[0.03125]
S91,,[0.01875]
S92,,[0.03125]
S93,,[0.09375]
S94,,[0.15]
S95,,[0.1375]
S96,,[0.0125]
S97,,[0.075]
S98,,[0.01875]
S99,,[0.0375]
