sid,pre accu,post accu
S100,,[0.65625]
S91,,[0.61875]
S92,,[0.63125]
S93,,[0.58125]
S94,,[0.61875]
S95,,[0.64375]
S96,,[0.475]
S97,,[0.4125]
S98,,[0.6375]
S99,,[0.6125]
