sid,pre accu,post accu
S100,,[0.64375]
S91,,[0.59375]
S92,,[0.625]
S93,,[0.55]
S94,,[0.6375]
S95,,[0.65]
S96,,[0.48125]
S97,,[0.4375]
S98,,[0.61875]
S99,,[0.59375]
