sid,pre accu,post accu,,
,,,,
S100,,[0.66875],,0.66875
,,,,
S91,,[0.65],,0.65
,,,,
S92,,[0.68125],,0.68125
,,,,
S93,,[0.6],,0.6
,,,,
S94,,[0.71875],,0.71875
,,,,
S95,,[0.675],,0.675
,,,,
S96,,[0.50625],,0.50625
,,,,
S97,,[0.46875],,0.46875
,,,,
S98,,[0.65],,0.65
,,,,
S99,,[0.61875],,0.61875
,,,,
,,,,0.62375
