sid,pre accu,post accu
S100,,[0.53125]
S91,,[0.5125]
S92,,[0.50625]
S93,,[0.51875]
S94,,[0.49375]
S95,,[0.48125]
S96,,[0.35]
S97,,[0.38125]
S98,,[0.4875]
S99,,[0.45]
