sid,pre accu,post accu
S100,,[0.6625]
S91,,[0.65]
S92,,[0.65625]
S93,,[0.59375]
S94,,[0.66875]
S95,,[0.69375]
S96,,[0.48125]
S97,,[0.4625]
S98,,[0.64375]
S99,,[0.63125]
