sid,pre accu,post accu
S100,,[0.5125]
S91,,[0.46875]
S92,,[0.45]
S93,,[0.46875]
S94,,[0.51875]
S95,,[0.44375]
S96,,[0.51875]
S97,,[0.50625]
S98,,[0.43125]
S99,,[0.45625]
