sid,pre accu,post accu
S100,,[0.7625]
S91,,[0.9]
S92,,[0.7125]
S93,,[0.8]
S94,,[0.8125]
S95,,[0.80625]
S96,,[0.775]
S97,,[0.8375]
S98,,[0.8]
S99,,[0.74375]
