sid,pre accu,post accu
S100,,[0.73125]
S91,,[0.8875]
S92,,[0.66875]
S93,,[0.78125]
S94,,[0.79375]
S95,,[0.79375]
S96,,[0.80625]
S97,,[0.8]
S98,,[0.80625]
S99,,[0.725]
