sid,pre accu,post accu
S100,,[0.7625]
S91,,[0.88125]
S92,,[0.75625]
S93,,[0.8]
S94,,[0.75625]
S95,,[0.7875]
S96,,[0.8]
S97,,[0.825]
S98,,[0.8]
S99,,[0.775]
