sid,pre accu,post accu
S100,,[0.75625]
S91,,[0.90625]
S92,,[0.7]
S93,,[0.78125]
S94,,[0.8]
S95,,[0.8]
S96,,[0.74375]
S97,,[0.80625]
S98,,[0.80625]
S99,,[0.725]
