sid,pre accu,post accu,,
,,,,
S100,,[0.71875],,0.71875
,,,,
S91,,[0.88125],,0.88125
,,,,
S92,,[0.7],,0.7
,,,,
S93,,[0.7875],,0.7875
,,,,
S94,,[0.81875],,0.81875
,,,,
S95,,[0.8],,0.8
,,,,
S96,,[0.8],,0.8
,,,,
S97,,[0.7875],,0.7875
,,,,
S98,,[0.8125],,0.8125
,,,,
S99,,[0.75625],,0.75625
,,,,
,,,,0.78625
