sid,pre accu,post accu
S100,,[0.83125]
S91,,[0.88125]
S92,,[0.68125]
S93,,[0.8125]
S94,,[0.74375]
S95,,[0.70625]
S96,,[0.8875]
S97,,[0.8]
S98,,[0.85625]
S99,,[0.83125]
