sid,pre accu,post accu
S100,,[0.50625]
S91,,[0.48125]
S92,,[0.51875]
S93,,[0.55625]
S94,,[0.475]
S95,,[0.525]
S96,,[0.575]
S97,,[0.49375]
S98,,[0.55625]
S99,,[0.48125]
