sid,pre accu,post accu
S100,,[0.9125]
S91,,[0.90625]
S92,,[0.725]
S93,,[0.85]
S94,,[0.81875]
S95,,[0.61875]
S96,,[0.9625]
S97,,[0.86875]
S98,,[0.93125]
S99,,[0.8875]
