sid,pre accu,post accu
S100,,[0.9125]
S91,,[0.9]
S92,,[0.7125]
S93,,[0.83125]
S94,,[0.8375]
S95,,[0.6375]
S96,,[0.95625]
S97,,[0.86875]
S98,,[0.93125]
S99,,[0.9125]
