sid,pre accu,post accu
S100,,[0.9125]
S91,,[0.9]
S92,,[0.74375]
S93,,[0.83125]
S94,,[0.78125]
S95,,[0.65625]
S96,,[0.94375]
S97,,[0.83125]
S98,,[0.91875]
S99,,[0.8875]
