sid,pre accu,post accu
S100,,[0.49375]
S91,,[0.475]
S92,,[0.45625]
S93,,[0.55625]
S94,,[0.5]
S95,,[0.5]
S96,,[0.525]
S97,,[0.48125]
S98,,[0.5]
S99,,[0.49375]
