sid,pre accu,post accu
S100,,[0.5]
S91,,[0.4875]
S92,,[0.4125]
S93,,[0.5625]
S94,,[0.4875]
S95,,[0.4625]
S96,,[0.5625]
S97,,[0.45625]
S98,,[0.49375]
S99,,[0.48125]
