sid,pre accu,post accu
S100,,[0.525]
S91,,[0.4375]
S92,,[0.475]
S93,,[0.55]
S94,,[0.45625]
S95,,[0.5]
S96,,[0.525]
S97,,[0.50625]
S98,,[0.50625]
S99,,[0.475]
