sid,pre accu,post accu
S100,,[0.525]
S91,,[0.5]
S92,,[0.36875]
S93,,[0.58125]
S94,,[0.50625]
S95,,[0.50625]
S96,,[0.49375]
S97,,[0.5]
S98,,[0.48125]
S99,,[0.4875]
