sid,pre accu,post accu
S100,,[0.5125]
S91,,[0.425]
S92,,[0.4625]
S93,,[0.58125]
S94,,[0.475]
S95,,[0.5]
S96,,[0.5125]
S97,,[0.50625]
S98,,[0.49375]
S99,,[0.4875]
