sid,pre accu,post accu
S100,,[0.49375]
S91,,[0.4875]
S92,,[0.4125]
S93,,[0.59375]
S94,,[0.48125]
S95,,[0.4875]
S96,,[0.525]
S97,,[0.50625]
S98,,[0.51875]
S99,,[0.4625]
