sid,pre accu,post accu
S100,,[0.65625]
S91,,[0.71875]
S92,,[0.775]
S93,,[0.7875]
S94,,[0.74375]
S95,,[0.75625]
S96,,[0.71875]
S97,,[0.73125]
S98,,[0.70625]
S99,,[0.7375]
