sid,pre accu,post accu
S100,,[0.73125]
S91,,[0.70625]
S92,,[0.7375]
S93,,[0.775]
S94,,[0.75625]
S95,,[0.8125]
S96,,[0.7375]
S97,,[0.8125]
S98,,[0.7125]
S99,,[0.73125]
