sid,pre accu,post accu,,
,,,,
S100,,[0.70625],,0.70625
,,,,
S91,,[0.73125],,0.73125
,,,,
S92,,[0.73125],,0.73125
,,,,
S93,,[0.75625],,0.75625
,,,,
S94,,[0.7375],,0.7375
,,,,
S95,,[0.8125],,0.8125
,,,,
S96,,[0.74375],,0.74375
,,,,
S97,,[0.8125],,0.8125
,,,,
S98,,[0.68125],,0.68125
,,,,
S99,,[0.69375],,0.69375
,,,,
,,,,0.740625
