sid,pre accu,post accu
S100,,[0.40625]
S91,,[0.5125]
S92,,[0.50625]
S93,,[0.5125]
S94,,[0.44375]
S95,,[0.48125]
S96,,[0.4875]
S97,,[0.525]
S98,,[0.4875]
S99,,[0.55625]
