sid,pre accu,post accu
S100,,[0.6875]
S91,,[0.7]
S92,,[0.725]
S93,,[0.74375]
S94,,[0.69375]
S95,,[0.66875]
S96,,[0.66875]
S97,,[0.625]
S98,,[0.5875]
S99,,[0.68125]
