sid,pre accu,post accu
S100,,[0.71875]
S91,,[0.71875]
S92,,[0.76875]
S93,,[0.79375]
S94,,[0.7625]
S95,,[0.775]
S96,,[0.7125]
S97,,[0.775]
S98,,[0.71875]
S99,,[0.74375]
