sid,pre accu,post accu
S100,,[0.43125]
S91,,[0.54375]
S92,,[0.46875]
S93,,[0.51875]
S94,,[0.425]
S95,,[0.5625]
S96,,[0.44375]
S97,,[0.4625]
S98,,[0.5625]
S99,,[0.4625]
