sid,pre accu,post accu
S100,,[0.8625]
S91,,[0.8625]
S92,,[0.86875]
S93,,[0.8875]
S94,,[0.88125]
S95,,[0.89375]
S96,,[0.85625]
S97,,[0.81875]
S98,,[0.88125]
S99,,[0.8625]
