sid,pre accu,post accu,,
,,,,
S100,,[0.85],,0.85
,,,,
S91,,[0.8375],,0.8375
,,,,
S92,,[0.875],,0.875
,,,,
S93,,[0.84375],,0.84375
,,,,
S94,,[0.8625],,0.8625
,,,,
S95,,[0.8625],,0.8625
,,,,
S96,,[0.81875],,0.81875
,,,,
S97,,[0.8375],,0.8375
,,,,
S98,,[0.85],,0.85
,,,,
S99,,[0.8625],,0.8625
,,,,
,,,,0.85
