sid,pre accu,post accu
S100,,[0.875]
S91,,[0.85625]
S92,,[0.8625]
S93,,[0.85]
S94,,[0.875]
S95,,[0.8875]
S96,,[0.8625]
S97,,[0.79375]
S98,,[0.85]
S99,,[0.85625]
