sid,pre accu,post accu
S100,,[0.85625]
S91,,[0.85625]
S92,,[0.86875]
S93,,[0.83125]
S94,,[0.86875]
S95,,[0.84375]
S96,,[0.85]
S97,,[0.8]
S98,,[0.8625]
S99,,[0.83125]
