sid,pre accu,post accu
S100,,[0.55]
S91,,[0.53125]
S92,,[0.45625]
S93,,[0.50625]
S94,,[0.49375]
S95,,[0.4625]
S96,,[0.5125]
S97,,[0.51875]
S98,,[0.4875]
S99,,[0.5]
