sid,pre accu,post accu,,
,,,,
S100,,[0.6875],,0.6875
,,,,
S91,,[0.73125],,0.73125
,,,,
S92,,[0.725],,0.725
,,,,
S93,,[0.6875],,0.6875
,,,,
S94,,[0.7625],,0.7625
,,,,
S95,,[0.79375],,0.79375
,,,,
S96,,[0.74375],,0.74375
,,,,
S97,,[0.7625],,0.7625
,,,,
S98,,[0.7625],,0.7625
,,,,
S99,,[0.83125],,0.83125
,,,,
,,,,0.74875
