sid,pre accu,post accu
S100,,[0.7125]
S91,,[0.76875]
S92,,[0.73125]
S93,,[0.675]
S94,,[0.7875]
S95,,[0.8125]
S96,,[0.73125]
S97,,[0.725]
S98,,[0.71875]
S99,,[0.83125]
