sid,pre accu,post accu
S100,,[0.6375]
S91,,[0.7125]
S92,,[0.675]
S93,,[0.65]
S94,,[0.7375]
S95,,[0.71875]
S96,,[0.65625]
S97,,[0.61875]
S98,,[0.6625]
S99,,[0.76875]
