sid,pre accu,post accu
S100,,[0.7625]
S91,,[0.74375]
S92,,[0.66875]
S93,,[0.6875]
S94,,[0.7625]
S95,,[0.76875]
S96,,[0.70625]
S97,,[0.775]
S98,,[0.75]
S99,,[0.8125]
