sid,pre accu,post accu
S100,,[0.73125]
S91,,[0.75]
S92,,[0.69375]
S93,,[0.65]
S94,,[0.75625]
S95,,[0.7875]
S96,,[0.725]
S97,,[0.74375]
S98,,[0.70625]
S99,,[0.81875]
