sid,pre accu,post accu
S100,,[0.5625]
S91,,[0.5]
S92,,[0.55625]
S93,,[0.55625]
S94,,[0.5375]
S95,,[0.50625]
S96,,[0.55]
S97,,[0.59375]
S98,,[0.53125]
S99,,[0.475]
