sid,pre accu,post accu
S100,,[0.53125]
S91,,[0.49375]
S92,,[0.53125]
S93,,[0.5375]
S94,,[0.49375]
S95,,[0.46875]
S96,,[0.525]
S97,,[0.55625]
S98,,[0.54375]
S99,,[0.5125]
