sid,pre accu,post accu
S100,,[0.5875]
S91,,[0.4625]
S92,,[0.56875]
S93,,[0.525]
S94,,[0.49375]
S95,,[0.5]
S96,,[0.5375]
S97,,[0.60625]
S98,,[0.55625]
S99,,[0.48125]
