sid,pre accu,post accu
S100,,[0.51875]
S91,,[0.4875]
S92,,[0.44375]
S93,,[0.56875]
S94,,[0.475]
S95,,[0.5125]
S96,,[0.51875]
S97,,[0.51875]
S98,,[0.475]
S99,,[0.51875]
