sid,pre accu,post accu
S100,,[0.51875]
S91,,[0.4875]
S92,,[0.48125]
S93,,[0.58125]
S94,,[0.49375]
S95,,[0.5125]
S96,,[0.46875]
S97,,[0.525]
S98,,[0.46875]
S99,,[0.48125]
