sid,pre accu,post accu
S100,,[0.55]
S91,,[0.4625]
S92,,[0.53125]
S93,,[0.5125]
S94,,[0.5875]
S95,,[0.4875]
S96,,[0.50625]
S97,,[0.59375]
S98,,[0.54375]
S99,,[0.48125]
