sid,pre accu,post accu
S100,,"[0.25       0.42857143 0.61538462 0.46153846 0.5        0.28571429
 0.5        0.6        0.66666667 0.73333333 0.6       ]"
S91,,"[0.375      0.28571429 0.69230769 0.61538462 0.4375     0.64285714
 0.35714286 0.53333333 0.66666667 0.33333333 0.33333333]"
S92,,"[0.625      0.35714286 0.38461538 0.69230769 0.4375     0.57142857
 0.57142857 0.66666667 0.46666667 0.46666667 0.6       ]"
S93,,"[0.5        0.64285714 0.53846154 0.30769231 0.25       0.5
 0.42857143 0.46666667 0.53333333 0.33333333 0.4       ]"
S94,,"[0.73333333 0.35714286 0.25       0.6        0.4        0.53846154
 0.4375     0.42857143 0.53333333 0.57142857 0.61538462]"
S95,,"[0.5        0.42857143 0.46153846 0.46153846 0.4375     0.5
 0.35714286 0.53333333 0.53333333 0.53333333 0.46666667]"
S96,,"[0.4375     0.5        0.46153846 0.46153846 0.5625     0.5
 0.64285714 0.6        0.46666667 0.73333333 0.46666667]"
S97,,"[0.4375     0.35714286 0.61538462 0.53846154 0.25       0.64285714
 0.5        0.66666667 0.26666667 0.6        0.53333333]"
S98,,"[0.625      0.57142857 0.46153846 0.61538462 0.5625     0.57142857
 0.5        0.4        0.33333333 0.66666667 0.4       ]"
S99,,"[0.375      0.5        0.38461538 0.53846154 0.5625     0.71428571
 0.5        0.73333333 0.6        0.4        0.53333333]"
