sid,pre accu,post accu
S100,,"[0.4375     0.14285714 0.38461538 0.38461538 0.3125     0.71428571
 0.71428571 0.66666667 0.4        0.66666667 0.66666667]"
S91,,"[0.5        0.5        0.38461538 0.69230769 0.5        0.5
 0.78571429 0.46666667 0.4        0.73333333 0.46666667]"
S92,,"[0.6875     0.78571429 0.46153846 0.38461538 0.5        0.35714286
 0.42857143 0.46666667 0.53333333 0.26666667 0.53333333]"
S93,,"[0.75       0.42857143 0.53846154 0.38461538 0.6875     0.64285714
 0.28571429 0.8        0.53333333 0.4        0.4       ]"
S94,,"[0.6        0.42857143 0.4375     0.46666667 0.4        0.76923077
 0.3125     0.57142857 0.4        0.5        0.38461538]"
S95,,"[0.4375     0.42857143 0.46153846 0.38461538 0.5625     0.64285714
 0.35714286 0.4        0.53333333 0.4        0.6       ]"
S96,,"[0.625      0.42857143 0.69230769 0.46153846 0.4375     0.57142857
 0.57142857 0.4        0.53333333 0.8        0.4       ]"
S97,,"[0.625      0.42857143 0.61538462 0.15384615 0.6875     0.71428571
 0.35714286 0.6        0.66666667 0.26666667 0.46666667]"
S98,,"[0.625      0.42857143 0.69230769 0.69230769 0.5625     0.71428571
 0.28571429 0.6        0.6        0.6        0.66666667]"
S99,,"[0.4375     0.5        0.61538462 0.38461538 0.5625     0.71428571
 0.42857143 0.2        0.4        0.46666667 0.33333333]"
