sid,pre accu,post accu
S100,,"[0.625      0.28571429 0.61538462 0.53846154 0.5        0.5
 0.57142857 0.66666667 0.53333333 0.33333333 0.53333333]"
S91,,"[0.625      0.71428571 0.30769231 0.38461538 0.5625     0.42857143
 0.57142857 0.4        0.33333333 0.46666667 0.53333333]"
S92,,"[0.625      0.64285714 0.53846154 0.38461538 0.4375     0.35714286
 0.42857143 0.33333333 0.4        0.53333333 0.4       ]"
S93,,"[0.5        0.35714286 0.46153846 0.69230769 0.75       0.5
 0.57142857 0.46666667 0.46666667 0.66666667 0.66666667]"
S94,,"[0.33333333 0.71428571 0.6875     0.4        0.33333333 0.46153846
 0.5625     0.42857143 0.53333333 0.5        0.23076923]"
S95,,"[0.5        0.57142857 0.53846154 0.53846154 0.5625     0.5
 0.5        0.46666667 0.46666667 0.33333333 0.46666667]"
S96,,"[0.375      0.5        0.53846154 0.53846154 0.4375     0.42857143
 0.35714286 0.53333333 0.73333333 0.46666667 0.53333333]"
S97,,"[0.5625     0.64285714 0.38461538 0.46153846 0.75       0.35714286
 0.42857143 0.2        0.73333333 0.53333333 0.46666667]"
S98,,"[0.25       0.28571429 0.53846154 0.38461538 0.4375     0.64285714
 0.5        0.26666667 0.53333333 0.4        0.6       ]"
S99,,"[0.5        0.5        0.69230769 0.53846154 0.5        0.21428571
 0.5        0.26666667 0.4        0.66666667 0.46666667]"
