sid,pre accu,post accu
S100,,"[0.75       0.35714286 0.30769231 0.38461538 0.375      0.42857143
 0.78571429 0.66666667 0.2        0.46666667 0.53333333]"
S91,,"[0.625      0.71428571 0.23076923 0.38461538 0.5        0.42857143
 0.5        0.6        0.33333333 0.8        0.46666667]"
S92,,"[0.5625     0.64285714 0.69230769 0.61538462 0.6875     0.42857143
 0.42857143 0.46666667 0.6        0.53333333 0.53333333]"
S93,,"[0.625      0.42857143 0.69230769 0.53846154 0.875      0.5
 0.42857143 0.66666667 0.6        0.46666667 0.53333333]"
S94,,"[0.66666667 0.64285714 0.5625     0.33333333 0.4        0.61538462
 0.5        0.42857143 0.26666667 0.28571429 0.46153846]"
S95,,"[0.5        0.5        0.38461538 0.38461538 0.75       0.42857143
 0.5        0.4        0.6        0.46666667 0.46666667]"
S96,,"[0.4375     0.64285714 0.46153846 0.61538462 0.4375     0.64285714
 0.5        0.26666667 0.6        0.6        0.46666667]"
S97,,"[0.625      0.57142857 0.61538462 0.30769231 0.8125     0.42857143
 0.35714286 0.73333333 0.66666667 0.4        0.46666667]"
S98,,"[0.5        0.42857143 0.53846154 0.76923077 0.6875     0.78571429
 0.28571429 0.73333333 0.66666667 0.6        0.66666667]"
S99,,"[0.5625     0.5        0.38461538 0.38461538 0.4375     0.5
 0.57142857 0.33333333 0.46666667 0.4        0.53333333]"
