sid,pre accu,post accu
S100,,[0.70625]
S91,,[0.53125]
S92,,[0.475]
S93,,[0.4625]
S94,,[0.50625]
S95,,[0.60625]
S96,,[0.4875]
S97,,[0.48125]
S98,,[0.58125]
S99,,[0.49375]
