sid,pre accu,post accu
S100,,[0.06875]
S91,,[0.25]
S92,,[0.10625]
S93,,[0.1]
S94,,[0.00625]
S95,,[0.06875]
S96,,[0.1]
S97,,[0.00625]
S98,,[0.14375]
S99,,[0.13125]
