sid,pre accu,post accu
S100,,[0.71875]
S91,,[0.6]
S92,,[0.6125]
S93,,[0.50625]
S94,,[0.625]
S95,,[0.56875]
S96,,[0.53125]
S97,,[0.55625]
S98,,[0.63125]
S99,,[0.5625]
