sid,pre accu,post accu,,
,,,,
S100,,[0.70625],,0.70625
,,,,
S91,,[0.6],,0.6
,,,,
S92,,[0.68125],,0.68125
,,,,
S93,,[0.5],,0.5
,,,,
S94,,[0.6125],,0.6125
,,,,
S95,,[0.55625],,0.55625
,,,,
S96,,[0.56875],,0.56875
,,,,
S97,,[0.59375],,0.59375
,,,,
S98,,[0.70625],,0.70625
,,,,
S99,,[0.63125],,0.63125
,,,,
,,,,0.615625
