sid,pre accu,post accu
S100,,[0.70625]
S91,,[0.5875]
S92,,[0.6375]
S93,,[0.5125]
S94,,[0.65]
S95,,[0.58125]
S96,,[0.575]
S97,,[0.60625]
S98,,[0.66875]
S99,,[0.61875]
