sid,pre accu,post accu
S100,,[0.71875]
S91,,[0.56875]
S92,,[0.64375]
S93,,[0.5]
S94,,[0.65]
S95,,[0.6125]
S96,,[0.5625]
S97,,[0.59375]
S98,,[0.6625]
S99,,[0.63125]
