sid,pre accu,post accu
S100,,[0.50625]
S91,,[0.4625]
S92,,[0.55625]
S93,,[0.6625]
S94,,[0.49375]
S95,,[0.6]
S96,,[0.575]
S97,,[0.6875]
S98,,[0.6375]
S99,,[0.5625]
