sid,pre accu,post accu
S100,,[0.275]
S91,,[0.0875]
S92,,[0.05625]
S93,,[0.0625]
S94,,[0.16875]
S95,,[0.06875]
S96,,[0.15]
S97,,[0.05]
S98,,[0.2125]
S99,,[0.1]
