sid,pre accu,post accu
S100,,[0.4875]
S91,,[0.45625]
S92,,[0.55625]
S93,,[0.65]
S94,,[0.54375]
S95,,[0.58125]
S96,,[0.5875]
S97,,[0.65]
S98,,[0.6125]
S99,,[0.55]
