sid,pre accu,post accu
S100,,[0.54375]
S91,,[0.475]
S92,,[0.61875]
S93,,[0.66875]
S94,,[0.55625]
S95,,[0.5625]
S96,,[0.56875]
S97,,[0.6375]
S98,,[0.6]
S99,,[0.55625]
