sid,pre accu,post accu
S100,,[0.51875]
S91,,[0.525]
S92,,[0.6375]
S93,,[0.66875]
S94,,[0.54375]
S95,,[0.61875]
S96,,[0.54375]
S97,,[0.63125]
S98,,[0.61875]
S99,,[0.5625]
