sid,pre accu,post accu
S100,,[0.475]
S91,,[0.45]
S92,,[0.59375]
S93,,[0.6625]
S94,,[0.53125]
S95,,[0.60625]
S96,,[0.5875]
S97,,[0.64375]
S98,,[0.54375]
S99,,[0.5375]
