sid,pre accu,post accu,,
,,,,
S100,,[0.65625],,0.65625
,,,,
S91,,[0.6625],,0.6625
,,,,
S92,,[0.65],,0.65
,,,,
S93,,[0.59375],,0.59375
,,,,
S94,,[0.61875],,0.61875
,,,,
S95,,[0.6375],,0.6375
,,,,
S96,,[0.6375],,0.6375
,,,,
S97,,[0.65625],,0.65625
,,,,
S98,,[0.61875],,0.61875
,,,,
S99,,[0.6625],,0.6625
,,,,
,,,,0.639375
