sid,pre accu,post accu
S100,,[0.61875]
S91,,[0.68125]
S92,,[0.64375]
S93,,[0.61875]
S94,,[0.60625]
S95,,[0.5625]
S96,,[0.60625]
S97,,[0.64375]
S98,,[0.63125]
S99,,[0.68125]
