sid,pre accu,post accu
S100,,[0.675]
S91,,[0.69375]
S92,,[0.625]
S93,,[0.625]
S94,,[0.61875]
S95,,[0.59375]
S96,,[0.64375]
S97,,[0.63125]
S98,,[0.59375]
S99,,[0.68125]
