sid,pre accu,post accu
S100,,[0.60625]
S91,,[0.6375]
S92,,[0.6875]
S93,,[0.59375]
S94,,[0.55625]
S95,,[0.56875]
S96,,[0.6125]
S97,,[0.68125]
S98,,[0.63125]
S99,,[0.63125]
