sid,pre accu,post accu
S100,,[0.6625]
S91,,[0.68125]
S92,,[0.66875]
S93,,[0.6125]
S94,,[0.60625]
S95,,[0.59375]
S96,,[0.63125]
S97,,[0.65]
S98,,[0.5875]
S99,,[0.6625]
