sid,pre accu,post accu
S100,,[0.475]
S91,,[0.4875]
S92,,[0.45625]
S93,,[0.4875]
S94,,[0.48125]
S95,,[0.5]
S96,,[0.48125]
S97,,[0.475]
S98,,[0.48125]
S99,,[0.475]
