sid,pre accu,post accu
S100,,[0.4625]
S91,,[0.39375]
S92,,[0.575]
S93,,[0.55]
S94,,[0.325]
S95,,[0.45]
S96,,[0.525]
S97,,[0.56875]
S98,,[0.51875]
S99,,[0.55625]
