sid,pre accu,post accu
S100,,[0.4625]
S91,,[0.38125]
S92,,[0.64375]
S93,,[0.5875]
S94,,[0.325]
S95,,[0.4625]
S96,,[0.51875]
S97,,[0.6125]
S98,,[0.5375]
S99,,[0.59375]
