sid,pre accu,post accu
S100,,[0.48125]
S91,,[0.38125]
S92,,[0.575]
S93,,[0.625]
S94,,[0.30625]
S95,,[0.53125]
S96,,[0.5625]
S97,,[0.65625]
S98,,[0.53125]
S99,,[0.5875]
