sid,pre accu,post accu
S100,,[0.4875]
S91,,[0.4375]
S92,,[0.5875]
S93,,[0.60625]
S94,,[0.36875]
S95,,[0.49375]
S96,,[0.56875]
S97,,[0.65625]
S98,,[0.525]
S99,,[0.58125]
