sid,pre accu,post accu
S100,,[0.025]
S91,,[0.15]
S92,,[0.0125]
S93,,[0.15]
S94,,[0.1]
S95,,[0.14375]
S96,,[0.05]
S97,,[0.13125]
S98,,[0.05]
S99,,[0.01875]
