sid,pre accu,post accu
S100,,[0.49375]
S91,,[0.3875]
S92,,[0.6]
S93,,[0.6125]
S94,,[0.31875]
S95,,[0.525]
S96,,[0.55]
S97,,[0.66875]
S98,,[0.53125]
S99,,[0.59375]
