sid,pre accu,post accu
S100,,[0.50625]
S91,,[0.5125]
S92,,[0.55]
S93,,[0.54375]
S94,,[0.5875]
S95,,[0.50625]
S96,,[0.525]
S97,,[0.475]
S98,,[0.575]
S99,,[0.54375]
