sid,pre accu,post accu
S100,,[0.5375]
S91,,[0.4875]
S92,,[0.4875]
S93,,[0.54375]
S94,,[0.5125]
S95,,[0.525]
S96,,[0.5125]
S97,,[0.53125]
S98,,[0.54375]
S99,,[0.5625]
