sid,pre accu,post accu
S100,,[0.5125]
S91,,[0.53125]
S92,,[0.51875]
S93,,[0.53125]
S94,,[0.45625]
S95,,[0.51875]
S96,,[0.48125]
S97,,[0.5125]
S98,,[0.4875]
S99,,[0.5375]
