sid,pre accu,post accu
S100,,[0.475]
S91,,[0.58125]
S92,,[0.55]
S93,,[0.525]
S94,,[0.475]
S95,,[0.50625]
S96,,[0.5125]
S97,,[0.5125]
S98,,[0.54375]
S99,,[0.49375]
