sid,pre accu,post accu
S100,,[0.50625]
S91,,[0.5]
S92,,[0.56875]
S93,,[0.525]
S94,,[0.525]
S95,,[0.5375]
S96,,[0.54375]
S97,,[0.50625]
S98,,[0.5625]
S99,,[0.5625]
