sid,pre accu,post accu
S100,,[0.50625]
S91,,[0.51875]
S92,,[0.46875]
S93,,[0.575]
S94,,[0.50625]
S95,,[0.5375]
S96,,[0.51875]
S97,,[0.48125]
S98,,[0.4875]
S99,,[0.46875]
