sid,pre accu,post accu
S100,,[0.51875]
S91,,[0.49375]
S92,,[0.43125]
S93,,[0.51875]
S94,,[0.51875]
S95,,[0.55625]
S96,,[0.55625]
S97,,[0.5875]
S98,,[0.41875]
S99,,[0.4625]
