sid,pre accu,post accu,,
,,,,
S100,,[0.73125],,0.73125
,,,,
S91,,[0.63125],,0.63125
,,,,
S92,,[0.65],,0.65
,,,,
S93,,[0.725],,0.725
,,,,
S94,,[0.68125],,0.68125
,,,,
S95,,[0.68125],,0.68125
,,,,
S96,,[0.675],,0.675
,,,,
S97,,[0.675],,0.675
,,,,
S98,,[0.64375],,0.64375
,,,,
S99,,[0.6625],,0.6625
,,,,
,,,,0.675625
