sid,pre accu,post accu
S100,,[0.7125]
S91,,[0.6375]
S92,,[0.64375]
S93,,[0.70625]
S94,,[0.675]
S95,,[0.68125]
S96,,[0.65]
S97,,[0.59375]
S98,,[0.60625]
S99,,[0.64375]
