sid,pre accu,post accu
S100,,[0.7]
S91,,[0.60625]
S92,,[0.61875]
S93,,[0.73125]
S94,,[0.675]
S95,,[0.68125]
S96,,[0.7375]
S97,,[0.6625]
S98,,[0.64375]
S99,,[0.65]
