sid,pre accu,post accu
S100,,[0.65]
S91,,[0.6125]
S92,,[0.6125]
S93,,[0.675]
S94,,[0.65625]
S95,,[0.70625]
S96,,[0.6625]
S97,,[0.7]
S98,,[0.59375]
S99,,[0.63125]
