sid,pre accu,post accu
S100,,[0.45625]
S91,,[0.49375]
S92,,[0.50625]
S93,,[0.45]
S94,,[0.4875]
S95,,[0.44375]
S96,,[0.49375]
S97,,[0.48125]
S98,,[0.51875]
S99,,[0.5875]
