sid,pre accu,post accu,,
,,,,
S100,,[0.5],,0.5
,,,,
S91,,[0.51875],,0.51875
,,,,
S92,,[0.51875],,0.51875
,,,,
S93,,[0.525],,0.525
,,,,
S94,,[0.55625],,0.55625
,,,,
S95,,[0.51875],,0.51875
,,,,
S96,,[0.5375],,0.5375
,,,,
S97,,[0.4625],,0.4625
,,,,
S98,,[0.4875],,0.4875
,,,,
S99,,[0.54375],,0.54375
,,,,
,,,,0.516875
