sid,pre accu,post accu
S100,,[0.5125]
S91,,[0.4375]
S92,,[0.51875]
S93,,[0.45]
S94,,[0.51875]
S95,,[0.44375]
S96,,[0.5]
S97,,[0.5125]
S98,,[0.4375]
S99,,[0.50625]
