sid,pre accu,post accu
S100,,[0.54375]
S91,,[0.525]
S92,,[0.49375]
S93,,[0.53125]
S94,,[0.525]
S95,,[0.51875]
S96,,[0.475]
S97,,[0.45]
S98,,[0.55625]
S99,,[0.55]
