sid,pre accu,post accu
S100,,[0.4625]
S91,,[0.45]
S92,,[0.55625]
S93,,[0.44375]
S94,,[0.48125]
S95,,[0.5125]
S96,,[0.4625]
S97,,[0.5375]
S98,,[0.5]
S99,,[0.48125]
