sid,pre accu,post accu
S100,,[0.59375]
S91,,[0.54375]
S92,,[0.425]
S93,,[0.5125]
S94,,[0.4875]
S95,,[0.475]
S96,,[0.50625]
S97,,[0.475]
S98,,[0.5375]
S99,,[0.5375]
