sid,pre accu,post accu
S100,,[0.56875]
S91,,[0.45625]
S92,,[0.525]
S93,,[0.625]
S94,,[0.48125]
S95,,[0.58125]
S96,,[0.6]
S97,,[0.55625]
S98,,[0.6]
S99,,[0.525]
