sid,pre accu,post accu
S100,,[0.49375]
S91,,[0.45]
S92,,[0.475]
S93,,[0.58125]
S94,,[0.5]
S95,,[0.54375]
S96,,[0.6125]
S97,,[0.56875]
S98,,[0.5875]
S99,,[0.50625]
