sid,pre accu,post accu
S100,,[0.55]
S91,,[0.5]
S92,,[0.55]
S93,,[0.60625]
S94,,[0.45625]
S95,,[0.525]
S96,,[0.5625]
S97,,[0.5625]
S98,,[0.46875]
S99,,[0.5375]
