sid,pre accu,post accu
S100,,[0.45625]
S91,,[0.41875]
S92,,[0.4625]
S93,,[0.61875]
S94,,[0.475]
S95,,[0.525]
S96,,[0.53125]
S97,,[0.5875]
S98,,[0.575]
S99,,[0.51875]
