sid,pre accu,post accu
S100,,[0.46875]
S91,,[0.51875]
S92,,[0.5125]
S93,,[0.43125]
S94,,[0.5125]
S95,,[0.4875]
S96,,[0.4875]
S97,,[0.48125]
S98,,[0.5]
S99,,[0.54375]
