sid,pre accu,post accu
S100,,[0.5125]
S91,,[0.4375]
S92,,[0.43125]
S93,,[0.64375]
S94,,[0.48125]
S95,,[0.525]
S96,,[0.60625]
S97,,[0.55]
S98,,[0.53125]
S99,,[0.53125]
