sid,pre accu,post accu
S100,,[0.53125]
S91,,[0.45]
S92,,[0.48125]
S93,,[0.45]
S94,,[0.54375]
S95,,[0.5375]
S96,,[0.4625]
S97,,[0.5]
S98,,[0.59375]
S99,,[0.54375]
