sid,pre accu,post accu
S100,,[0.49375]
S91,,[0.425]
S92,,[0.49375]
S93,,[0.48125]
S94,,[0.51875]
S95,,[0.4375]
S96,,[0.525]
S97,,[0.46875]
S98,,[0.4625]
S99,,[0.46875]
