sid,pre accu,post accu
S100,,[0.61875]
S91,,[0.58125]
S92,,[0.5375]
S93,,[0.53125]
S94,,[0.6125]
S95,,[0.65625]
S96,,[0.475]
S97,,[0.6375]
S98,,[0.6125]
S99,,[0.5625]
