sid,pre accu,post accu
S100,,[0.60625]
S91,,[0.61875]
S92,,[0.54375]
S93,,[0.5125]
S94,,[0.5875]
S95,,[0.61875]
S96,,[0.53125]
S97,,[0.61875]
S98,,[0.56875]
S99,,[0.60625]
