sid,pre accu,post accu
S100,,[0.56875]
S91,,[0.60625]
S92,,[0.53125]
S93,,[0.5625]
S94,,[0.63125]
S95,,[0.61875]
S96,,[0.5625]
S97,,[0.61875]
S98,,[0.5875]
S99,,[0.6]
