sid,pre accu,post accu,,
,,,,
S100,,[0.575],,0.575
,,,,
S91,,[0.64375],,0.64375
,,,,
S92,,[0.525],,0.525
,,,,
S93,,[0.5375],,0.5375
,,,,
S94,,[0.61875],,0.61875
,,,,
S95,,[0.675],,0.675
,,,,
S96,,[0.50625],,0.50625
,,,,
S97,,[0.60625],,0.60625
,,,,
S98,,[0.575],,0.575
,,,,
S99,,[0.56875],,0.56875
,,,,
,,,,0.583125
