sid,pre accu,post accu
S100,,[0.78125]
S91,,[0.66875]
S92,,[0.65]
S93,,[0.70625]
S94,,[0.725]
S95,,[0.7125]
S96,,[0.88125]
S97,,[0.8125]
S98,,[0.875]
S99,,[0.7125]
