sid,pre accu,post accu
S100,,[0.7875]
S91,,[0.65]
S92,,[0.65625]
S93,,[0.66875]
S94,,[0.7125]
S95,,[0.70625]
S96,,[0.86875]
S97,,[0.80625]
S98,,[0.89375]
S99,,[0.71875]
