sid,pre accu,post accu
S100,,[0.78125]
S91,,[0.65625]
S92,,[0.675]
S93,,[0.65]
S94,,[0.7375]
S95,,[0.71875]
S96,,[0.8625]
S97,,[0.8]
S98,,[0.89375]
S99,,[0.6875]
