sid,pre accu,post accu
S100,,[0.55625]
S91,,[0.4875]
S92,,[0.44375]
S93,,[0.5]
S94,,[0.55]
S95,,[0.45]
S96,,[0.5125]
S97,,[0.5]
S98,,[0.4625]
S99,,[0.55]
