sid,pre accu,post accu,,
,,,,
S100,,[0.78125],,0.78125
,,,,
S91,,[0.64375],,0.64375
,,,,
S92,,[0.65],,0.65
,,,,
S93,,[0.675],,0.675
,,,,
S94,,[0.70625],,0.70625
,,,,
S95,,[0.6875],,0.6875
,,,,
S96,,[0.88125],,0.88125
,,,,
S97,,[0.79375],,0.79375
,,,,
S98,,[0.85],,0.85
,,,,
S99,,[0.73125],,0.73125
,,,,
,,,,0.74
