sid,pre accu,post accu
S100,,[0.79375]
S91,,[0.6125]
S92,,[0.68125]
S93,,[0.65]
S94,,[0.71875]
S95,,[0.73125]
S96,,[0.83125]
S97,,[0.78125]
S98,,[0.8375]
S99,,[0.725]
