sid,pre accu,post accu
S100,,[0.4375]
S91,,[0.5125]
S92,,[0.575]
S93,,[0.48125]
S94,,[0.48125]
S95,,[0.5125]
S96,,[0.425]
S97,,[0.5]
S98,,[0.475]
S99,,[0.5]
