sid,pre accu,post accu,,
,,,,
S100,,[0.5625],,0.5625
,,,,
S91,,[0.53125],,0.53125
,,,,
S92,,[0.54375],,0.54375
,,,,
S93,,[0.43125],,0.43125
,,,,
S94,,[0.51875],,0.51875
,,,,
S95,,[0.53125],,0.53125
,,,,
S96,,[0.45625],,0.45625
,,,,
S97,,[0.475],,0.475
,,,,
S98,,[0.55625],,0.55625
,,,,
S99,,[0.48125],,0.48125
,,,,
,,,,0.50875
