sid,pre accu,post accu
S100,,[0.5875]
S91,,[0.45]
S92,,[0.56875]
S93,,[0.4625]
S94,,[0.5]
S95,,[0.49375]
S96,,[0.4375]
S97,,[0.5]
S98,,[0.46875]
S99,,[0.46875]
