sid,pre accu,post accu
S100,,[0.55625]
S91,,[0.50625]
S92,,[0.56875]
S93,,[0.45]
S94,,[0.5125]
S95,,[0.50625]
S96,,[0.45625]
S97,,[0.4625]
S98,,[0.5]
S99,,[0.46875]
