sid,pre accu,post accu
S100,,[0.4875]
S91,,[0.49375]
S92,,[0.575]
S93,,[0.50625]
S94,,[0.5125]
S95,,[0.49375]
S96,,[0.45]
S97,,[0.50625]
S98,,[0.48125]
S99,,[0.46875]
