sid,pre accu,post accu
S100,,[0.51875]
S91,,[0.49375]
S92,,[0.51875]
S93,,[0.46875]
S94,,[0.5125]
S95,,[0.49375]
S96,,[0.43125]
S97,,[0.50625]
S98,,[0.51875]
S99,,[0.56875]
