sid,pre accu,post accu
S100,,[0.46875]
S91,,[0.425]
S92,,[0.5375]
S93,,[0.5375]
S94,,[0.4875]
S95,,[0.45]
S96,,[0.48125]
S97,,[0.51875]
S98,,[0.4875]
S99,,[0.54375]
