sid,pre accu,post accu
S100,,[0.6125]
S91,,[0.74375]
S92,,[0.6375]
S93,,[0.70625]
S94,,[0.65625]
S95,,[0.69375]
S96,,[0.625]
S97,,[0.725]
S98,,[0.625]
S99,,[0.7]
