sid,pre accu,post accu
S100,,[0.5875]
S91,,[0.7]
S92,,[0.65625]
S93,,[0.63125]
S94,,[0.6125]
S95,,[0.7]
S96,,[0.64375]
S97,,[0.58125]
S98,,[0.5875]
S99,,[0.55625]
