sid,pre accu,post accu,,
,,,,
S100,,[0.6125],,0.6125
,,,,
S91,,[0.79375],,0.79375
,,,,
S92,,[0.625],,0.625
,,,,
S93,,[0.725],,0.725
,,,,
S94,,[0.675],,0.675
,,,,
S95,,[0.69375],,0.69375
,,,,
S96,,[0.68125],,0.68125
,,,,
S97,,[0.73125],,0.73125
,,,,
S98,,[0.55625],,0.55625
,,,,
S99,,[0.73125],,0.73125
,,,,
,,,,0.6825
