sid,pre accu,post accu
S100,,[0.63125]
S91,,[0.76875]
S92,,[0.6125]
S93,,[0.7125]
S94,,[0.6625]
S95,,[0.68125]
S96,,[0.675]
S97,,[0.7125]
S98,,[0.55]
S99,,[0.7375]
