sid,pre accu,post accu
S100,,[0.64375]
S91,,[0.775]
S92,,[0.63125]
S93,,[0.70625]
S94,,[0.63125]
S95,,[0.69375]
S96,,[0.6625]
S97,,[0.7]
S98,,[0.56875]
S99,,[0.7125]
