sid,pre accu,post accu
S100,,[0.7]
S91,,[0.66875]
S92,,[0.66875]
S93,,[0.65625]
S94,,[0.69375]
S95,,[0.70625]
S96,,[0.6875]
S97,,[0.625]
S98,,[0.68125]
S99,,[0.70625]
