sid,pre accu,post accu
S100,,[0.70625]
S91,,[0.70625]
S92,,[0.7]
S93,,[0.61875]
S94,,[0.675]
S95,,[0.7375]
S96,,[0.6625]
S97,,[0.64375]
S98,,[0.65625]
S99,,[0.63125]
