sid,pre accu,post accu
S100,,[0.775]
S91,,[0.6875]
S92,,[0.7]
S93,,[0.675]
S94,,[0.69375]
S95,,[0.6875]
S96,,[0.69375]
S97,,[0.68125]
S98,,[0.675]
S99,,[0.625]
