sid,pre accu,post accu
S100,,[0.75625]
S91,,[0.675]
S92,,[0.69375]
S93,,[0.6875]
S94,,[0.675]
S95,,[0.675]
S96,,[0.6625]
S97,,[0.6625]
S98,,[0.69375]
S99,,[0.65]
