sid,pre accu,post accu
S100,,[0.4625]
S91,,[0.4875]
S92,,[0.51875]
S93,,[0.45625]
S94,,[0.54375]
S95,,[0.51875]
S96,,[0.53125]
S97,,[0.48125]
S98,,[0.45]
S99,,[0.53125]
