sid,pre accu,post accu,,
,,,,
S100,,[0.7125],,0.7125
,,,,
S91,,[0.7125],,0.7125
,,,,
S92,,[0.68125],,0.68125
,,,,
S93,,[0.68125],,0.68125
,,,,
S94,,[0.68125],,0.68125
,,,,
S95,,[0.69375],,0.69375
,,,,
S96,,[0.6875],,0.6875
,,,,
S97,,[0.65625],,0.65625
,,,,
S98,,[0.6625],,0.6625
,,,,
S99,,[0.65],,0.65
,,,,
,,,,0.681875
