sid,pre accu,post accu
S100,,[0.8625]
S91,,[0.80625]
S92,,[0.8125]
S93,,[0.86875]
S94,,[0.78125]
S95,,[0.725]
S96,,[0.88125]
S97,,[0.83125]
S98,,[0.925]
S99,,[0.725]
