sid,pre accu,post accu,,
,,,,
S100,,[0.86875],,0.86875
,,,,
S91,,[0.8125],,0.8125
,,,,
S92,,[0.79375],,0.79375
,,,,
S93,,[0.89375],,0.89375
,,,,
S94,,[0.85],,0.85
,,,,
S95,,[0.73125],,0.73125
,,,,
S96,,[0.90625],,0.90625
,,,,
S97,,[0.83125],,0.83125
,,,,
S98,,[0.93125],,0.93125
,,,,
S99,,[0.7375],,0.7375
,,,,
,,,,0.835625
