sid,pre accu,post accu
S100,,[0.53125]
S91,,[0.50625]
S92,,[0.4625]
S93,,[0.5125]
S94,,[0.4625]
S95,,[0.49375]
S96,,[0.5375]
S97,,[0.54375]
S98,,[0.55]
S99,,[0.44375]
