sid,pre accu,post accu
S100,,[0.8375]
S91,,[0.76875]
S92,,[0.79375]
S93,,[0.8625]
S94,,[0.8125]
S95,,[0.725]
S96,,[0.90625]
S97,,[0.81875]
S98,,[0.90625]
S99,,[0.725]
