sid,pre accu,post accu
S100,,[0.8625]
S91,,[0.79375]
S92,,[0.79375]
S93,,[0.8625]
S94,,[0.79375]
S95,,[0.75625]
S96,,[0.875]
S97,,[0.81875]
S98,,[0.91875]
S99,,[0.69375]
