sid,pre accu,post accu
S100,,[0.85]
S91,,[0.7875]
S92,,[0.76875]
S93,,[0.84375]
S94,,[0.825]
S95,,[0.775]
S96,,[0.85]
S97,,[0.79375]
S98,,[0.875]
S99,,[0.75625]
