sid,pre accu,post accu,,
,,,,
S100,,[0.35],,0.35
,,,,
S91,,[0.4125],,0.4125
,,,,
S92,,[0.75],,0.75
,,,,
S93,,[0.53125],,0.53125
,,,,
S94,,[0.74375],,0.74375
,,,,
S95,,[0.74375],,0.74375
,,,,
S96,,[0.7],,0.7
,,,,
S97,,[0.75],,0.75
,,,,
S98,,[0.63125],,0.63125
,,,,
S99,,[0.725],,0.725
,,,,
,,,,0.665277778
