sid,pre accu,post accu
S100,,[0.0875]
S91,,[0.0875]
S92,,[0.0625]
S93,,[0.1375]
S94,,[0.15]
S95,,[0.0375]
S96,,[0.05625]
S97,,[0.13125]
S98,,[0.075]
S99,,[0.05]
