sid,pre accu,post accu
S100,,[0.36875]
S91,,[0.43125]
S92,,[0.7125]
S93,,[0.475]
S94,,[0.73125]
S95,,[0.7375]
S96,,[0.66875]
S97,,[0.73125]
S98,,[0.61875]
S99,,[0.68125]
