sid,pre accu,post accu
S100,,[0.3625]
S91,,[0.3875]
S92,,[0.6875]
S93,,[0.46875]
S94,,[0.70625]
S95,,[0.725]
S96,,[0.64375]
S97,,[0.76875]
S98,,[0.65]
S99,,[0.7]
