sid,pre accu,post accu
S100,,[0.40625]
S91,,[0.45]
S92,,[0.66875]
S93,,[0.4875]
S94,,[0.675]
S95,,[0.66875]
S96,,[0.65625]
S97,,[0.7625]
S98,,[0.56875]
S99,,[0.6875]
