sid,pre accu,post accu
S100,,[0.4375]
S91,,[0.48125]
S92,,[0.6125]
S93,,[0.4625]
S94,,[0.6125]
S95,,[0.625]
S96,,[0.64375]
S97,,[0.6875]
S98,,[0.55625]
S99,,[0.60625]
