sid,pre accu,post accu
S100,,[0.64375]
S91,,[0.65]
S92,,[0.675]
S93,,[0.61875]
S94,,[0.68125]
S95,,[0.7]
S96,,[0.75625]
S97,,[0.725]
S98,,[0.71875]
S99,,[0.63125]
