sid,pre accu,post accu
S100,,[0.625]
S91,,[0.6]
S92,,[0.71875]
S93,,[0.575]
S94,,[0.7375]
S95,,[0.71875]
S96,,[0.74375]
S97,,[0.71875]
S98,,[0.65625]
S99,,[0.66875]
