sid,pre accu,post accu,,
,,,,
S100,,[0.60625],,0.60625
,,,,
S91,,[0.6125],,0.6125
,,,,
S92,,[0.71875],,0.71875
,,,,
S93,,[0.65625],,0.65625
,,,,
S94,,[0.76875],,0.76875
,,,,
S95,,[0.725],,0.725
,,,,
S96,,[0.7625],,0.7625
,,,,
S97,,[0.74375],,0.74375
,,,,
S98,,[0.6875],,0.6875
,,,,
S99,,[0.675],,0.675
,,,,
,,,,0.695625
