sid,pre accu,post accu
S100,,[0.46875]
S91,,[0.5375]
S92,,[0.45]
S93,,[0.53125]
S94,,[0.55625]
S95,,[0.4625]
S96,,[0.43125]
S97,,[0.5375]
S98,,[0.49375]
S99,,[0.5625]
