sid,pre accu,post accu
S100,,[0.625]
S91,,[0.5875]
S92,,[0.71875]
S93,,[0.61875]
S94,,[0.70625]
S95,,[0.725]
S96,,[0.74375]
S97,,[0.725]
S98,,[0.68125]
S99,,[0.66875]
