sid,pre accu,post accu
S100,,[0.6375]
S91,,[0.6375]
S92,,[0.7625]
S93,,[0.64375]
S94,,[0.76875]
S95,,[0.71875]
S96,,[0.7875]
S97,,[0.73125]
S98,,[0.70625]
S99,,[0.675]
